var1,var2
3.764052345967664,3.620680732486732
2.400157208367223,3.1872061093715187
2.9787379841057393,3.3682437801121887
4.240893199201458,3.9994744406896974
3.8675579901499675,2.6940814246788167
1.022722120123589,3.787670760848272
2.9500884175255893,2.638603714482457
1.848642791702302,4.475748727979082
1.896781148206442,4.486462904563847
2.4105985019383724,2.8530833126755164
2.144043571160878,2.5956494122513436
3.4542735069629753,3.0095040397316506
2.7610377251469935,3.541449871865708
2.121675016492828,3.304150503693699
2.4438632327454255,3.3659593786557807
2.3336743273742666,3.5883110735830495
3.4940790731576064,3.6255312527041546
1.794841736234199,3.4641266037018354
2.313067701650901,3.0901181343781587
1.1459042606982752,4.536708299799589
-0.5529898158340787,2.9088972295846336
2.653618595440361,2.975290834491838
2.8644361988595057,2.780085386796392
1.2578349795935582,4.3697528487677735
4.269754623987607,5.236028052120162
0.5456343254012352,3.8846082904989103
2.045758517301446,5.84854655618887
1.8128161499741664,2.885604452833651
3.5327792143584578,2.663804853965372
3.469358769900285,2.678417433381302
2.1549474256969163,3.2986685134900386
2.3781625196021734,2.62570749055557
1.1122142523698872,2.9887016282092023
0.019203531776073035,3.466004790947419
1.6520878506738474,3.064477906465199
2.15634896910398,3.828327448687478
3.2302906807277205,2.7958799584843845
3.2023798487844113,2.925531605145485
1.6126731825920477,4.281155987274577
1.6976972494246645,3.6384079816375943
0.9514470349329074,4.252786084850403
0.5799820628210248,3.0265035063555317
0.2937298093749874,3.717010620435446
3.9507753952317897,2.871344334739719
1.4903478182483465,4.019153316670284
1.5619256983888137,2.6100693096258034
0.7472046399500738,2.793593454766042
2.77749035583191,4.209357276292784
0.3861021524420485,3.5053173776469624
1.7872597197860314,3.621621837352725
1.1045334388063244,2.965172905664721
2.386902497859262,3.1368575968912302
1.4891948624311269,3.15644152916242
0.8193678158775879,3.6130841204806217
1.9718177716613452,3.4992415368543917
2.4283318705304175,3.6935930629696077
2.066517222383168,3.3928647720629526
2.3024718977397813,3.4742741275742057
1.3656779063190365,3.7189536881931473
1.637258834012862,2.970124237948902
1.327539552224049,3.4223904914211896
1.6404468384594586,3.126010897286508
1.1868537179555458,3.982111284598675
0.27371739766832315,3.7177269819687404
2.177426142253753,4.3696841311648384
1.5982190637917382,3.583273283199076
0.3698016530339554,4.208943718773806
2.462782255525774,3.088564895588137
1.0927016356167578,3.4897619962621667
2.051945395796139,3.177831812442258
2.7290905621775368,3.1755797731716178
2.1289829107574105,3.222824290633101
3.1394006845433005,2.9613711101242584
0.7651741796463474,4.3047029442293026
2.402341641177549,3.0514022664740907
1.3151899090596868,3.120350947961652
1.1292028508181182,3.515595301503952
1.4211503352355845,2.9893953937396036
1.6884474678726273,4.272266209496676
2.0561653422297455,3.452350162798319
0.8348501592166435,2.8183377830121885
2.900826486954187,2.8821228851563037
2.46566243973046,2.8095035600404694
0.46375631372277626,4.1436644868832175
3.4882521937955997,4.16930619031459
3.8958891760305834,3.883852994845027
3.1787795711596507,4.416264716558555
1.8200751641876491,2.63061267491656
0.9292473784894575,3.2199098668562653
3.054451726931137,2.719268919996755
1.5968230530268204,3.3569587079397927
3.2224450703824274,2.9104312826460887
2.2082749780768602,3.410377261841097
2.9766390364837125,3.5923450908108485
2.3563663971744018,7.366578167669381
2.706573168191948,4.01965077422145
2.0105000207208206,3.1641604423870895
3.7858704939058354,2.848879267528974
2.12691209270362,3.3983329189031224
7.0,4.065126181216245
